<application>
  <component name="GrepConsole">
    <option name="profiles">
      <list>
        <Profile>
          <option name="defaultProfile" value="true" />
          <option name="enableFoldings" value="true" />
          <option name="grepExpressionGroups">
            <list>
              <GrepExpressionGroup>
                <option name="grepExpressionItems">
                  <list>
                    <GrepExpressionItem>
                      <option name="grepExpression" value=".*FATAL.*" />
                      <option name="id" value="f324b489-f85a-4878-8ed4-847078ff5442" />
                      <option name="style">
                        <GrepStyle>
                          <option name="backgroundColor">
                            <GrepColor>
                              <option name="color" value="-65536" />
                              <option name="enabled" value="true" />
                            </GrepColor>
                          </option>
                          <option name="bold" value="true" />
                          <option name="foregroundColor">
                            <GrepColor>
                              <option name="color" value="-1" />
                              <option name="enabled" value="true" />
                            </GrepColor>
                          </option>
                          <option name="id" value="cd2834a1-3a2f-4b22-8846-e03ed297ca7a" />
                        </GrepStyle>
                      </option>
                    </GrepExpressionItem>
                    <GrepExpressionItem>
                      <option name="grepExpression" value=".*ERROR.*" />
                      <option name="id" value="409dc8be-41ad-4555-bbbe-b4ed4fb343e8" />
                      <option name="style">
                        <GrepStyle>
                          <option name="backgroundColor">
                            <GrepColor>
                              <option name="color" value="-14336" />
                              <option name="enabled" value="true" />
                            </GrepColor>
                          </option>
                          <option name="id" value="f7c8e46d-1dee-484f-a9a3-2f1e075b89a9" />
                        </GrepStyle>
                      </option>
                    </GrepExpressionItem>
                    <GrepExpressionItem>
                      <option name="grepExpression" value=".*WARN.*" />
                      <option name="id" value="db93782a-17ad-421d-9017-a74a042afb47" />
                      <option name="style">
                        <GrepStyle>
                          <option name="backgroundColor">
                            <GrepColor>
                              <option name="color" value="-256" />
                              <option name="enabled" value="true" />
                            </GrepColor>
                          </option>
                          <option name="id" value="ecc6c4a7-a40b-4767-9986-8c559dc7b58f" />
                        </GrepStyle>
                      </option>
                    </GrepExpressionItem>
                    <GrepExpressionItem>
                      <option name="grepExpression" value=".*DEBUG.*" />
                      <option name="id" value="50d34f8d-b337-4b99-84e2-687c90a3e12c" />
                      <option name="style">
                        <GrepStyle>
                          <option name="foregroundColor">
                            <GrepColor>
                              <option name="color" value="-8355712" />
                              <option name="enabled" value="true" />
                            </GrepColor>
                          </option>
                          <option name="id" value="98262996-22e2-4412-8668-b26fc7ab1ddd" />
                        </GrepStyle>
                      </option>
                    </GrepExpressionItem>
                    <GrepExpressionItem>
                      <option name="grepExpression" value=".*TRACE.*" />
                      <option name="id" value="dd91bbdd-0380-412c-958e-78f992881729" />
                      <option name="style">
                        <GrepStyle>
                          <option name="foregroundColor">
                            <GrepColor>
                              <option name="color" value="-4144960" />
                              <option name="enabled" value="true" />
                            </GrepColor>
                          </option>
                          <option name="id" value="97ccdc20-aedc-4633-972d-cdd287981ab4" />
                        </GrepStyle>
                      </option>
                    </GrepExpressionItem>
                  </list>
                </option>
                <option name="name" value="default" />
              </GrepExpressionGroup>
              <GrepExpressionGroup>
                <option name="grepExpressionItems">
                  <list>
                    <GrepExpressionItem>
                      <option name="grepExpression" value="^&gt;&gt;&gt;.*" />
                      <option name="id" value="45b5ed81-8bfd-4a72-b18f-83c172e5f602" />
                      <option name="style">
                        <GrepStyle>
                          <option name="backgroundColor">
                            <GrepColor>
                              <option name="color" value="-16711681" />
                              <option name="enabled" value="true" />
                            </GrepColor>
                          </option>
                          <option name="id" value="ef031f78-61c4-4436-935f-2865cd4229cb" />
                        </GrepStyle>
                      </option>
                    </GrepExpressionItem>
                    <GrepExpressionItem>
                      <option name="grepExpression" value=".*\.use:line \d+:\d+ .*" />
                      <option name="id" value="34c01c3a-5dbf-4768-b7be-1625dcd378d0" />
                      <option name="showCountInConsole" value="true" />
                      <option name="showCountInStatusBar" value="true" />
                      <option name="style">
                        <GrepStyle>
                          <option name="backgroundColor">
                            <GrepColor>
                              <option name="color" value="-11307" />
                              <option name="enabled" value="true" />
                            </GrepColor>
                          </option>
                          <option name="id" value="27f624d6-f612-4ffa-8d13-6a78767bb0e7" />
                        </GrepStyle>
                      </option>
                    </GrepExpressionItem>
                  </list>
                </option>
                <option name="name" value="new" />
              </GrepExpressionGroup>
              <GrepExpressionGroup>
                <option name="grepExpressionItems">
                  <list>
                    <GrepExpressionItem>
                      <option name="grepExpression" value=".*\.soil&gt; +--.*" />
                      <option name="id" value="8d2f623f-d664-4527-a5e5-afa3a29cc8df" />
                      <option name="inputFilter" value="true" />
                      <option name="style">
                        <GrepStyle>
                          <option name="backgroundColor">
                            <GrepColor>
                              <option name="color" value="-16711681" />
                            </GrepColor>
                          </option>
                          <option name="foregroundColor">
                            <GrepColor>
                              <option name="color" value="-2086873" />
                            </GrepColor>
                          </option>
                          <option name="id" value="07380765-b2ff-4ef6-9a49-e5f58d239a92" />
                        </GrepStyle>
                      </option>
                    </GrepExpressionItem>
                    <GrepExpressionItem>
                      <option name="grepExpression" value="^&lt;input&gt;:line .*" />
                      <option name="id" value="37d0e80e-3539-4e1e-ad34-01cc3ea76ff4" />
                      <option name="style">
                        <GrepStyle>
                          <option name="backgroundColor">
                            <GrepColor>
                              <option name="color" value="-2876" />
                              <option name="enabled" value="true" />
                            </GrepColor>
                          </option>
                          <option name="foregroundColor">
                            <GrepColor>
                              <option name="color" value="-14745072" />
                            </GrepColor>
                          </option>
                          <option name="id" value="e9389482-062f-417a-a779-b6ad3c8bd902" />
                        </GrepStyle>
                      </option>
                    </GrepExpressionItem>
                    <GrepExpressionItem>
                      <option name="grepExpression" value="^&lt;input&gt;:1:0: .*" />
                      <option name="id" value="f34b2e14-5783-4d7d-98c3-ffbf82f37db0" />
                      <option name="style">
                        <GrepStyle>
                          <option name="backgroundColor">
                            <GrepColor>
                              <option name="color" value="-3375" />
                              <option name="enabled" value="true" />
                            </GrepColor>
                          </option>
                          <option name="id" value="b0f35605-c4f9-477f-b19d-86baf1700b32" />
                        </GrepStyle>
                      </option>
                    </GrepExpressionItem>
                    <GrepExpressionItem>
                      <option name="grepExpression" value="^(checking structure|checked structure|checking invariants)" />
                      <option name="highlightOnlyMatchingText" value="true" />
                      <option name="id" value="d261b5e9-ce9d-4f70-9fdb-d17860d0c3b8" />
                      <option name="inputFilter" value="true" />
                      <option name="style">
                        <GrepStyle>
                          <option name="backgroundColor">
                            <GrepColor>
                              <option name="color" value="-16711681" />
                            </GrepColor>
                          </option>
                          <option name="id" value="66dbffed-e95a-4698-9d26-b1dea3de3719" />
                        </GrepStyle>
                      </option>
                    </GrepExpressionItem>
                    <GrepExpressionItem>
                      <option name="grepExpression" value="^Multiplicity constraint violation in.*" />
                      <option name="id" value="d6a5aee1-90ae-47a7-a8a2-f37aeafe4aa9" />
                      <option name="style">
                        <GrepStyle>
                          <option name="backgroundColor">
                            <GrepColor>
                              <option name="color" value="-17735" />
                              <option name="enabled" value="true" />
                            </GrepColor>
                          </option>
                          <option name="id" value="84287cfa-a46e-4598-886b-ea82931a0d0c" />
                        </GrepStyle>
                      </option>
                    </GrepExpressionItem>
                    <GrepExpressionItem>
                      <option name="grepExpression" value="^Error: .*" />
                      <option name="id" value="dcee84c7-6470-4e05-abc3-ea0bf7ad5aeb" />
                      <option name="style">
                        <GrepStyle>
                          <option name="backgroundColor">
                            <GrepColor>
                              <option name="color" value="-19311" />
                              <option name="enabled" value="true" />
                            </GrepColor>
                          </option>
                          <option name="id" value="731fa379-2dfe-49be-a59c-4b326a26e29a" />
                        </GrepStyle>
                      </option>
                    </GrepExpressionItem>
                    <GrepExpressionItem>
                      <option name="grepExpression" value="^  (Object |at association end).*" />
                      <option name="id" value="cdf21e5c-50c2-42af-b00e-06df766b5fbe" />
                      <option name="style">
                        <GrepStyle>
                          <option name="backgroundColor">
                            <GrepColor>
                              <option name="color" value="-10581" />
                              <option name="enabled" value="true" />
                            </GrepColor>
                          </option>
                          <option name="id" value="731fa379-2dfe-49be-a59c-4b326a26e29a" />
                        </GrepStyle>
                      </option>
                    </GrepExpressionItem>
                  </list>
                </option>
                <option name="name" value="use soil output" />
              </GrepExpressionGroup>
              <GrepExpressionGroup>
                <option name="enabled" value="true" />
                <option name="grepExpressionItems">
                  <list>
                    <GrepExpressionItem>
                      <option name="continueMatching" value="true" />
                      <option name="grepExpression" value="(create|insert|delete|destroy|into|between|WriteLine|WriteInteger)" />
                      <option name="highlightOnlyMatchingText" value="true" />
                      <option name="id" value="fd62281d-5536-4c9b-856a-f9b9bd19d6e5" />
                      <option name="operationOnMatch" value="CONTINUE_MATCHING" />
                      <option name="style">
                        <GrepStyle>
                          <option name="backgroundColor">
                            <GrepColor>
                              <option name="color" value="-10090442" />
                            </GrepColor>
                          </option>
                          <option name="bold" value="true" />
                          <option name="foregroundColor">
                            <GrepColor>
                              <option name="color" value="-8320443" />
                              <option name="enabled" value="true" />
                            </GrepColor>
                          </option>
                          <option name="id" value="670b67f4-8893-48a2-a510-cbe21ed6ca7b" />
                        </GrepStyle>
                      </option>
                    </GrepExpressionItem>
                  </list>
                </option>
                <option name="name" value="soil keywords" />
              </GrepExpressionGroup>
            </list>
          </option>
          <option name="id" value="1444427044292" />
        </Profile>
      </list>
    </option>
  </component>
</application>